{
	"fr": {
		"closeText": "Fermer",
		"prevText": "Pr\u00e9c\u00e9dent",
		"nextText": "Suivant",
		"currentText": "Aujourd'hui",
		"monthNames": [
			"janvier",
			"f\u00e9vrier",
			"mars",
			"avril",
			"mai",
			"juin",
			"juillet",
			"ao\u00fbt",
			"septembre",
			"octobre",
			"novembre",
			"d\u00e9cembre"
		],
		"monthNamesShort": [
			"janv.",
			"f\u00e9vr.",
			"mars",
			"avr.",
			"mai",
			"juin",
			"juil.",
			"ao\u00fbt",
			"sept.",
			"oct.",
			"nov.",
			"d\u00e9c."
		],
		"dayNames": ["dimanche", "lundi", "mardi", "mercredi", "jeudi", "vendredi", "samedi"],
		"dayNamesShort": ["dim.", "lun.", "mar.", "mer.", "jeu.", "ven.", "sam."],
		"dayNamesMin": ["D", "L", "M", "M", "J", "V", "S"],
		"weekHeader": "Sem.",
		"firstDay": 1,
		"isRTL": false,
		"showMonthAfterYear": false,
		"yearSuffix": ""
	}
}